starttime,endtime,duration_diff_secs,samples,lat,lng,hour,dist_travelled_from_prev_LatLong_km
2022-05-07 02:00:44,2022-05-07 02:00:49,5.0,3,1.339736,103.883906,10,
2022-05-07 02:01:37,2022-05-07 02:01:37,0.0,1,1.339736,103.883906,10,0.0
2022-05-07 02:14:42,2022-05-07 02:14:57,15.0,5,1.346736,103.877111,10,1.09
2022-05-07 02:17:12,2022-05-07 02:17:12,0.0,6,1.336738,103.885415,10,1.45
2022-05-07 02:27:05,2022-05-07 02:45:07,1082.0,31,1.339736,103.883906,10,0.37
2022-05-07 02:29:02,2022-05-07 02:40:50,708.0,7,1.339736,103.883906,10,0.0
2022-05-07 02:43:14,2022-05-07 02:43:25,11.0,7,1.336738,103.885415,10,0.37
2022-05-07 02:43:39,2022-05-07 02:43:40,1.0,6,1.339736,103.883906,10,0.37
2022-05-07 03:00:00,2022-05-07 03:00:00,0.0,1,1.336738,103.885415,11,0.37
2022-05-07 03:00:01,2022-05-07 03:02:23,142.0,15,1.339736,103.883906,11,0.37
2022-05-07 03:00:10,2022-05-07 03:03:24,194.0,5,1.339736,103.883906,11,0.0
2022-05-07 03:03:11,2022-05-07 03:04:24,73.0,13,1.337733,103.88691,11,0.4
2022-05-07 03:03:28,2022-05-07 03:03:38,10.0,7,1.339736,103.883906,11,0.4
2022-05-07 03:03:34,2022-05-07 03:03:35,1.0,7,1.337733,103.88691,11,0.4
2022-05-07 03:03:46,2022-05-07 03:04:33,47.0,19,1.337733,103.88691,11,0.0
2022-05-07 03:03:48,2022-05-07 03:03:50,2.0,2,1.339736,103.883906,11,0.4
2022-05-07 03:03:58,2022-05-07 03:04:58,60.0,27,1.337733,103.88691,11,0.4
2022-05-07 03:05:09,2022-05-07 03:05:43,34.0,7,1.342031,103.884621,11,0.54
2022-05-07 03:05:22,2022-05-07 03:05:25,3.0,3,1.342031,103.884621,11,0.0
2022-05-07 03:05:27,2022-05-07 03:05:34,7.0,3,1.342031,103.884621,11,0.0
2022-05-07 03:06:07,2022-05-07 03:06:07,0.0,1,1.342031,103.884621,11,0.0
2022-05-07 03:06:07,2022-05-07 03:15:12,545.0,55,1.342031,103.884621,11,0.0
2022-05-07 03:06:17,2022-05-07 03:06:23,6.0,12,1.342031,103.884621,11,0.0
2022-05-07 03:06:24,2022-05-07 03:15:17,533.0,242,1.342031,103.884621,11,0.0
2022-05-07 03:06:24,2022-05-07 03:06:24,0.0,1,1.342031,103.884621,11,0.0
2022-05-07 03:13:19,2022-05-07 03:13:19,0.0,2,1.342031,103.884621,11,0.0
2022-05-07 03:13:26,2022-05-07 03:15:27,121.0,8,1.342031,103.884621,11,0.0
2022-05-07 03:15:38,2022-05-07 03:16:38,60.0,5,1.346736,103.877111,11,0.99
2022-05-07 03:15:40,2022-05-07 03:15:40,0.0,1,1.342031,103.884621,11,0.99
2022-05-07 03:15:41,2022-05-07 03:15:51,10.0,7,1.346736,103.877111,11,0.99
2022-05-07 03:15:46,2022-05-07 03:17:03,77.0,8,1.349506,103.877402,11,0.31
2022-05-07 03:16:04,2022-05-07 03:16:04,0.0,1,1.346736,103.877111,11,0.31
2022-05-07 03:16:13,2022-05-07 03:16:14,1.0,6,1.349506,103.877402,11,0.31
2022-05-07 03:17:26,2022-05-07 03:19:26,120.0,5,1.350807,103.877127,11,0.15
2022-05-07 03:17:28,2022-05-07 03:18:43,75.0,8,1.353902,103.87498,11,0.42
2022-05-07 03:17:36,2022-05-07 03:17:37,1.0,3,1.350807,103.877127,11,0.42
2022-05-07 03:17:40,2022-05-07 03:17:54,14.0,3,1.353902,103.87498,11,0.42
2022-05-07 03:17:52,2022-05-07 03:18:02,10.0,3,1.350807,103.877127,11,0.42
2022-05-07 03:18:04,2022-05-07 03:20:04,120.0,5,1.353902,103.87498,11,0.42
2022-05-07 03:18:04,2022-05-07 03:18:04,0.0,1,1.350807,103.877127,11,0.42
2022-05-07 03:18:06,2022-05-07 03:20:35,149.0,10,1.350807,103.877127,11,0.0
2022-05-07 03:18:15,2022-05-07 03:18:15,0.0,1,1.353902,103.87498,11,0.42
2022-05-07 03:18:45,2022-05-07 03:18:57,12.0,3,1.350807,103.877127,11,0.42
2022-05-07 03:18:53,2022-05-07 03:21:59,186.0,18,1.349483,103.873609,11,0.42
2022-05-07 03:19:07,2022-05-07 03:20:54,107.0,16,1.349483,103.873609,11,0.0
2022-05-07 03:20:09,2022-05-07 03:20:09,0.0,2,1.348984,103.874708,11,0.13
2022-05-07 03:20:18,2022-05-07 03:20:28,10.0,3,1.349483,103.873609,11,0.13
2022-05-07 03:20:54,2022-05-07 03:21:04,10.0,11,1.349698,103.873537,11,0.03
2022-05-07 03:21:04,2022-05-07 03:21:07,3.0,3,1.349698,103.873537,11,0.0
2022-05-07 03:21:07,2022-05-07 03:22:24,77.0,21,1.349698,103.873537,11,0.0
2022-05-07 03:21:10,2022-05-07 03:24:32,202.0,16,1.349698,103.873537,11,0.0
2022-05-07 03:24:32,2022-05-07 03:24:44,12.0,6,1.349698,103.873537,11,0.0
2022-05-07 03:24:42,2022-05-07 03:24:47,5.0,3,1.349698,103.873537,11,0.0
2022-05-07 03:24:46,2022-05-07 03:24:53,7.0,5,1.349698,103.873537,11,0.0
2022-05-07 03:24:57,2022-05-07 03:25:20,23.0,6,1.349698,103.873537,11,0.0
2022-05-07 03:25:20,2022-05-07 03:26:30,70.0,10,1.339352,103.870962,11,1.19
2022-05-07 03:25:30,2022-05-07 03:27:20,110.0,8,1.339352,103.870962,11,0.0
2022-05-07 03:29:20,2022-05-07 03:31:46,146.0,118,1.319336,103.859856,11,2.55
2022-05-07 03:29:21,2022-05-07 03:31:58,157.0,10,1.319336,103.859856,11,0.0
2022-05-07 03:31:39,2022-05-07 03:35:33,234.0,13,1.312387,103.854241,11,0.99
2022-05-07 03:31:57,2022-05-07 03:34:30,153.0,11,1.312387,103.854241,11,0.0
2022-05-07 03:33:35,2022-05-07 03:34:44,69.0,8,1.306729,103.849651,11,0.81
2022-05-07 03:34:40,2022-05-07 03:35:17,37.0,4,1.306729,103.849651,11,0.0
2022-05-07 03:35:17,2022-05-07 03:37:15,118.0,15,1.306729,103.849651,11,0.0
2022-05-07 03:35:27,2022-05-07 03:37:10,103.0,37,1.306729,103.849651,11,0.0
2022-05-07 03:36:31,2022-05-07 03:41:52,321.0,37,1.307217,103.849175,11,0.08
2022-05-07 03:37:17,2022-05-07 03:37:19,2.0,8,1.307217,103.849175,11,0.0
2022-05-07 03:37:20,2022-05-07 03:37:20,0.0,1,1.306729,103.849651,11,0.08
2022-05-07 03:37:20,2022-05-07 03:39:54,154.0,34,1.307217,103.849175,11,0.08
2022-05-07 03:39:53,2022-05-07 03:41:20,87.0,10,1.307333,103.849359,11,0.02
2022-05-07 03:40:03,2022-05-07 03:40:04,1.0,2,1.307333,103.849359,11,0.0
2022-05-07 03:40:08,2022-05-07 03:40:08,0.0,2,1.307217,103.849175,11,0.02
2022-05-07 03:40:18,2022-05-07 03:40:33,15.0,8,1.307333,103.849359,11,0.02
2022-05-07 03:40:33,2022-05-07 03:40:33,0.0,1,1.307217,103.849175,11,0.02
2022-05-07 03:40:37,2022-05-07 03:40:51,14.0,29,1.307333,103.849359,11,0.02
2022-05-07 03:40:52,2022-05-07 03:40:52,0.0,1,1.307217,103.849175,11,0.02
2022-05-07 03:40:58,2022-05-07 03:41:37,39.0,23,1.307333,103.849359,11,0.02
2022-05-07 03:41:35,2022-05-07 03:47:30,355.0,40,1.308797,103.847837,11,0.23
2022-05-07 03:41:45,2022-05-07 03:42:00,15.0,5,1.308797,103.847837,11,0.0
2022-05-07 03:42:04,2022-05-07 03:42:08,4.0,2,1.307333,103.849359,11,0.23
2022-05-07 03:42:23,2022-05-07 03:49:05,402.0,165,1.308797,103.847837,11,0.23
2022-05-07 03:47:10,2022-05-07 03:47:10,0.0,2,1.310494,103.846759,11,0.22
2022-05-07 03:48:08,2022-05-07 03:48:08,0.0,1,1.308797,103.847837,11,0.22
2022-05-07 03:48:56,2022-05-07 04:02:59,843.0,28,1.310494,103.846759,11,0.22
2022-05-07 03:49:06,2022-05-07 03:49:06,0.0,2,1.310494,103.846759,11,0.0
2022-05-07 03:49:07,2022-05-07 03:49:09,2.0,2,1.310494,103.846759,11,0.0
2022-05-07 03:49:07,2022-05-07 03:49:07,0.0,1,1.308797,103.847837,11,0.22
2022-05-07 03:49:14,2022-05-07 03:49:17,3.0,8,1.308797,103.847837,11,0.0
2022-05-07 03:49:33,2022-05-07 03:49:40,7.0,5,1.310494,103.846759,11,0.22
2022-05-07 03:49:42,2022-05-07 03:49:42,0.0,1,1.308797,103.847837,11,0.22
2022-05-07 03:49:45,2022-05-07 04:03:04,799.0,157,1.310494,103.846759,11,0.22
2022-05-07 04:03:04,2022-05-07 04:04:20,76.0,10,1.310494,103.846759,12,0.0
2022-05-07 04:03:14,2022-05-07 04:03:14,0.0,2,1.310494,103.846759,12,0.0
2022-05-07 04:03:14,2022-05-07 04:03:14,0.0,1,1.310494,103.846759,12,0.0
2022-05-07 04:03:15,2022-05-07 04:04:32,77.0,21,1.310494,103.846759,12,0.0
2022-05-07 04:04:37,2022-05-07 04:09:43,306.0,65,1.310494,103.846759,12,0.0
2022-05-07 04:05:06,2022-05-07 04:09:57,291.0,52,1.310494,103.846759,12,0.0
2022-05-07 04:09:57,2022-05-07 04:10:23,26.0,5,1.310494,103.846759,12,0.0
2022-05-07 04:10:15,2022-05-07 04:10:30,15.0,7,1.310494,103.846759,12,0.0
2022-05-07 04:10:31,2022-05-07 04:13:50,199.0,15,1.310494,103.846759,12,0.0
2022-05-07 04:10:42,2022-05-07 04:10:42,0.0,1,1.310494,103.846759,12,0.0
2022-05-07 04:10:44,2022-05-07 04:10:44,0.0,1,1.310494,103.846759,12,0.0
2022-05-07 04:10:46,2022-05-07 04:12:44,118.0,123,1.310494,103.846759,12,0.0
2022-05-07 04:12:46,2022-05-07 04:27:13,867.0,81,1.308797,103.847837,12,0.22
2022-05-07 04:12:49,2022-05-07 04:12:49,0.0,1,1.308797,103.847837,12,0.0
2022-05-07 04:12:50,2022-05-07 04:12:50,0.0,1,1.310494,103.846759,12,0.22
2022-05-07 04:13:00,2022-05-07 04:13:18,18.0,7,1.308797,103.847837,12,0.22
2022-05-07 04:13:23,2022-05-07 04:13:23,0.0,1,1.310494,103.846759,12,0.22
2022-05-07 04:13:25,2022-05-07 04:13:30,5.0,2,1.308797,103.847837,12,0.22
2022-05-07 04:13:30,2022-05-07 04:13:30,0.0,2,1.310494,103.846759,12,0.22
2022-05-07 04:13:31,2022-05-07 04:27:20,829.0,331,1.308797,103.847837,12,0.22
2022-05-07 04:27:18,2022-05-07 04:28:17,59.0,16,1.307333,103.849359,12,0.23
2022-05-07 04:27:28,2022-05-07 04:27:28,0.0,1,1.307333,103.849359,12,0.0
2022-05-07 04:27:33,2022-05-07 04:27:33,0.0,1,1.308797,103.847837,12,0.23
2022-05-07 04:27:44,2022-05-07 04:27:44,0.0,1,1.307333,103.849359,12,0.23
2022-05-07 04:27:57,2022-05-07 04:27:57,0.0,1,1.308797,103.847837,12,0.23
2022-05-07 04:27:58,2022-05-07 04:28:17,19.0,4,1.307333,103.849359,12,0.23
2022-05-07 04:28:29,2022-05-07 04:29:30,61.0,9,1.304558,103.851722,12,0.41
2022-05-07 04:28:30,2022-05-07 04:28:30,0.0,1,1.307333,103.849359,12,0.41
2022-05-07 04:28:30,2022-05-07 04:28:30,0.0,2,1.304558,103.851722,12,0.41
2022-05-07 04:28:30,2022-05-07 04:28:53,23.0,4,1.306298,103.85038,12,0.24
2022-05-07 04:28:36,2022-05-07 04:28:36,0.0,2,1.306298,103.85038,12,0.0
2022-05-07 04:28:37,2022-05-07 04:28:39,2.0,3,1.304558,103.851722,12,0.24
2022-05-07 04:28:40,2022-05-07 04:28:40,0.0,2,1.306298,103.85038,12,0.24
2022-05-07 04:28:40,2022-05-07 04:28:40,0.0,1,1.304558,103.851722,12,0.24
2022-05-07 04:28:46,2022-05-07 04:28:53,7.0,10,1.306298,103.85038,12,0.24
2022-05-07 04:29:06,2022-05-07 04:29:06,0.0,1,1.307333,103.849359,12,0.16
2022-05-07 04:30:04,2022-05-07 04:30:23,19.0,4,1.304558,103.851722,12,0.41
2022-05-07 04:30:13,2022-05-07 04:30:13,0.0,1,1.306298,103.85038,12,0.24
2022-05-07 04:30:31,2022-05-07 04:32:32,121.0,4,1.303172,103.852123,12,0.4
2022-05-07 04:30:39,2022-05-07 04:30:39,0.0,1,1.304558,103.851722,12,0.16
2022-05-07 04:30:48,2022-05-07 04:31:04,16.0,13,1.303172,103.852123,12,0.16
2022-05-07 04:31:02,2022-05-07 04:31:02,0.0,2,1.303772,103.854588,12,0.28
2022-05-07 04:31:02,2022-05-07 04:31:02,0.0,1,1.303172,103.852123,12,0.28
2022-05-07 04:31:10,2022-05-07 04:31:10,0.0,2,1.303172,103.852123,12,0.0
2022-05-07 04:31:10,2022-05-07 04:31:10,0.0,3,1.303172,103.852123,12,0.0
2022-05-07 04:31:11,2022-05-07 04:31:11,0.0,2,1.303772,103.854588,12,0.28
2022-05-07 04:31:12,2022-05-07 04:31:20,8.0,11,1.303172,103.852123,12,0.28
2022-05-07 04:31:18,2022-05-07 04:32:18,60.0,7,1.302208,103.854589,12,0.29
2022-05-07 04:31:20,2022-05-07 04:31:23,3.0,5,1.303772,103.854588,12,0.17
2022-05-07 04:31:20,2022-05-07 04:31:20,0.0,1,1.303172,103.852123,12,0.28
2022-05-07 04:31:22,2022-05-07 04:31:22,0.0,2,1.302164,103.856397,12,0.49
2022-05-07 04:31:28,2022-05-07 04:31:28,0.0,1,1.302164,103.856397,12,0.0
2022-05-07 04:31:28,2022-05-07 04:32:29,61.0,6,1.303172,103.852123,12,0.49
2022-05-07 04:31:30,2022-05-07 04:31:30,0.0,2,1.302208,103.854589,12,0.29
2022-05-07 04:31:34,2022-05-07 04:31:34,0.0,1,1.303172,103.852123,12,0.29
2022-05-07 04:31:34,2022-05-07 04:31:54,20.0,4,1.304986,103.854241,12,0.31
2022-05-07 04:31:35,2022-05-07 04:31:35,0.0,1,1.304986,103.854241,12,0.0
2022-05-07 04:31:38,2022-05-07 04:31:38,0.0,1,1.302164,103.856397,12,0.4
2022-05-07 04:31:39,2022-05-07 04:31:40,1.0,4,1.303172,103.852123,12,0.49
2022-05-07 04:31:44,2022-05-07 04:31:57,13.0,10,1.304986,103.854241,12,0.31
2022-05-07 04:31:57,2022-05-07 04:35:02,185.0,35,1.303772,103.854588,12,0.14
2022-05-07 04:32:07,2022-05-07 04:32:27,20.0,4,1.303772,103.854588,12,0.0
2022-05-07 04:32:35,2022-05-07 04:32:35,0.0,1,1.304986,103.854241,12,0.14
2022-05-07 04:32:36,2022-05-07 04:34:33,117.0,28,1.303772,103.854588,12,0.14
2022-05-07 04:34:19,2022-05-07 04:35:19,60.0,7,1.300407,103.852316,12,0.45
2022-05-07 04:34:32,2022-05-07 04:36:10,98.0,24,1.300487,103.84965,12,0.3
2022-05-07 04:34:40,2022-05-07 04:34:40,0.0,2,1.300407,103.852316,12,0.3
2022-05-07 04:34:42,2022-05-07 04:34:42,0.0,3,1.300487,103.84965,12,0.3
2022-05-07 04:34:50,2022-05-07 04:34:50,0.0,1,1.300407,103.852316,12,0.3
2022-05-07 04:34:57,2022-05-07 04:35:00,3.0,4,1.300487,103.84965,12,0.3
2022-05-07 04:35:02,2022-05-07 04:35:02,0.0,1,1.303772,103.854588,12,0.66
2022-05-07 04:35:10,2022-05-07 04:35:10,0.0,1,1.300407,103.852316,12,0.45
2022-05-07 04:35:12,2022-05-07 04:35:32,20.0,6,1.300487,103.84965,12,0.3
2022-05-07 04:35:23,2022-05-07 04:36:44,81.0,9,1.298694,103.85015,12,0.21
2022-05-07 04:35:33,2022-05-07 04:37:04,91.0,23,1.298694,103.85015,12,0.0
2022-05-07 04:36:49,2022-05-07 04:38:49,120.0,5,1.297141,103.848669,12,0.24
2022-05-07 04:37:10,2022-05-07 04:37:10,0.0,1,1.297141,103.848669,12,0.0
2022-05-07 04:37:15,2022-05-07 04:37:15,0.0,1,1.298694,103.85015,12,0.24
2022-05-07 04:37:25,2022-05-07 04:37:43,18.0,2,1.297141,103.848669,12,0.24
2022-05-07 04:37:38,2022-05-07 04:41:18,220.0,38,1.300088,103.844969,12,0.53
2022-05-07 04:37:48,2022-05-07 04:37:48,0.0,1,1.300088,103.844969,12,0.0
2022-05-07 04:37:49,2022-05-07 04:37:49,0.0,1,1.297141,103.848669,12,0.53
2022-05-07 04:37:50,2022-05-07 04:37:54,4.0,2,1.300088,103.844969,12,0.53
2022-05-07 04:37:58,2022-05-07 04:38:04,6.0,4,1.297141,103.848669,12,0.53
2022-05-07 04:38:14,2022-05-07 04:41:18,184.0,23,1.300088,103.844969,12,0.53
2022-05-07 04:41:21,2022-05-07 05:10:49,1768.0,179,1.300395,103.841145,12,0.43
2022-05-07 04:41:31,2022-05-07 04:41:56,25.0,2,1.300395,103.841145,12,0.0
2022-05-07 04:42:07,2022-05-07 04:42:07,0.0,1,1.300088,103.844969,12,0.43
2022-05-07 04:42:22,2022-05-07 05:11:04,1722.0,515,1.300395,103.841145,12,0.43
2022-05-07 05:11:04,2022-05-07 05:13:04,120.0,5,1.30084,103.840072,13,0.13
2022-05-07 05:11:14,2022-05-07 05:11:29,15.0,21,1.30084,103.840072,13,0.0
2022-05-07 05:11:22,2022-05-07 05:14:18,176.0,13,1.301074,103.839364,13,0.08
2022-05-07 05:11:32,2022-05-07 05:11:33,1.0,2,1.301074,103.839364,13,0.0
2022-05-07 05:11:39,2022-05-07 05:11:39,0.0,1,1.300395,103.841145,13,0.21
2022-05-07 05:11:39,2022-05-07 05:11:39,0.0,1,1.30084,103.840072,13,0.13
2022-05-07 05:11:49,2022-05-07 05:11:54,5.0,4,1.301074,103.839364,13,0.08
2022-05-07 05:12:05,2022-05-07 05:12:19,14.0,4,1.30084,103.840072,13,0.08
2022-05-07 05:12:42,2022-05-07 05:12:51,9.0,3,1.301074,103.839364,13,0.08
2022-05-07 05:12:47,2022-05-07 05:12:47,0.0,2,1.30084,103.840072,13,0.08
2022-05-07 05:13:35,2022-05-07 05:14:20,45.0,8,1.30084,103.840072,13,0.0
2022-05-07 05:13:50,2022-05-07 05:28:08,858.0,43,1.301074,103.839364,13,0.08
2022-05-07 05:14:35,2022-05-07 05:14:35,0.0,1,1.301074,103.839364,13,0.0
2022-05-07 05:14:53,2022-05-07 05:14:53,0.0,1,1.30084,103.840072,13,0.08
2022-05-07 05:15:35,2022-05-07 05:28:12,757.0,91,1.301074,103.839364,13,0.08
2022-05-07 05:28:50,2022-05-07 05:34:37,347.0,35,1.30084,103.840072,13,0.08
2022-05-07 05:29:00,2022-05-07 05:35:23,383.0,46,1.30084,103.840072,13,0.0
2022-05-07 05:35:23,2022-05-07 05:35:51,28.0,6,1.301074,103.839364,13,0.08
2022-05-07 05:35:33,2022-05-07 05:36:10,37.0,16,1.301074,103.839364,13,0.0
2022-05-07 05:35:53,2022-05-07 05:36:55,62.0,10,1.301074,103.839364,13,0.0
2022-05-07 05:36:17,2022-05-07 05:36:17,0.0,1,1.301074,103.839364,13,0.0
2022-05-07 05:36:17,2022-05-07 05:36:17,0.0,1,1.301074,103.839364,13,0.0
2022-05-07 05:36:18,2022-05-07 05:36:18,0.0,1,1.301074,103.839364,13,0.0
2022-05-07 05:36:28,2022-05-07 05:36:28,0.0,1,1.301074,103.839364,13,0.0
2022-05-07 05:36:33,2022-05-07 05:36:34,1.0,3,1.301074,103.839364,13,0.0
2022-05-07 05:36:38,2022-05-07 05:36:38,0.0,1,1.301074,103.839364,13,0.0
2022-05-07 05:36:48,2022-05-07 05:37:22,34.0,11,1.301074,103.839364,13,0.0
2022-05-07 05:37:13,2022-05-07 05:37:23,10.0,5,1.307345,103.828483,13,1.4
2022-05-07 05:37:23,2022-05-07 05:37:23,0.0,3,1.307345,103.828483,13,0.0
2022-05-07 05:38:50,2022-05-07 05:39:22,32.0,5,1.300148,103.838534,13,1.38
2022-05-07 05:39:00,2022-05-07 05:39:40,40.0,13,1.300148,103.838534,13,0.0
2022-05-07 05:39:39,2022-05-07 05:47:07,448.0,45,1.300148,103.838534,13,0.0
2022-05-07 05:39:50,2022-05-07 05:39:50,0.0,1,1.300148,103.838534,13,0.0
2022-05-07 05:39:50,2022-05-07 05:39:50,0.0,1,1.307345,103.828483,13,1.38
2022-05-07 05:39:51,2022-05-07 05:39:53,2.0,2,1.300148,103.838534,13,1.38
2022-05-07 05:39:53,2022-05-07 05:39:54,1.0,3,1.300148,103.838534,13,0.0
2022-05-07 05:39:56,2022-05-07 05:39:58,2.0,3,1.300148,103.838534,13,0.0
2022-05-07 05:39:58,2022-05-07 05:40:00,2.0,2,1.300148,103.838534,13,0.0
2022-05-07 05:40:12,2022-05-07 05:40:12,0.0,1,1.300148,103.838534,13,0.0
2022-05-07 05:40:14,2022-05-07 05:40:36,22.0,17,1.300148,103.838534,13,0.0
2022-05-07 05:40:39,2022-05-07 05:40:39,0.0,1,1.300148,103.838534,13,0.0
2022-05-07 05:40:40,2022-05-07 05:45:17,277.0,229,1.300148,103.838534,13,0.0
2022-05-07 05:45:11,2022-05-07 05:45:29,18.0,3,1.298893,103.845915,13,0.83
2022-05-07 05:45:21,2022-05-07 05:45:24,3.0,34,1.298893,103.845915,13,0.0
2022-05-07 05:45:26,2022-05-07 05:45:29,3.0,11,1.300148,103.838534,13,0.83
2022-05-07 05:45:29,2022-05-07 05:45:29,0.0,1,1.298893,103.845915,13,0.83
2022-05-07 05:45:36,2022-05-07 05:47:04,88.0,11,1.298893,103.845915,13,0.0
2022-05-07 05:45:46,2022-05-07 05:47:08,82.0,19,1.298893,103.845915,13,0.0
2022-05-07 05:47:08,2022-05-07 05:48:08,60.0,5,1.298893,103.845915,13,0.0
2022-05-07 05:47:10,2022-05-07 05:47:37,27.0,3,1.298625,103.845778,13,0.03
2022-05-07 05:47:10,2022-05-07 05:47:10,0.0,1,1.298893,103.845915,13,0.03
2022-05-07 05:47:20,2022-05-07 05:47:20,0.0,2,1.298625,103.845778,13,0.03
2022-05-07 05:47:25,2022-05-07 05:47:25,0.0,1,1.298893,103.845915,13,0.03
2022-05-07 05:47:31,2022-05-07 05:47:35,4.0,3,1.298625,103.845778,13,0.03
2022-05-07 05:47:37,2022-05-07 05:47:37,0.0,1,1.298625,103.845778,13,0.0
2022-05-07 05:47:37,2022-05-07 05:47:37,0.0,1,1.298893,103.845915,13,0.03
2022-05-07 05:47:44,2022-05-07 05:47:44,0.0,1,1.298893,103.845915,13,0.0
2022-05-07 05:47:57,2022-05-07 05:47:57,0.0,1,1.298625,103.845778,13,0.03
2022-05-07 05:47:57,2022-05-07 05:51:30,213.0,25,1.298625,103.845778,13,0.0
2022-05-07 05:48:07,2022-05-07 05:53:16,309.0,56,1.298625,103.845778,13,0.0
2022-05-07 05:53:16,2022-05-07 05:55:16,120.0,5,1.300088,103.844969,13,0.19
2022-05-07 05:53:16,2022-05-07 05:53:26,10.0,4,1.300088,103.844969,13,0.0
2022-05-07 05:53:16,2022-05-07 05:53:23,7.0,4,1.299805,103.844815,13,0.04
2022-05-07 05:53:27,2022-05-07 05:56:00,153.0,4,1.299805,103.844815,13,0.0
2022-05-07 05:56:01,2022-05-07 05:56:13,12.0,8,1.301017,103.845415,13,0.15
2022-05-07 05:56:10,2022-05-07 05:56:12,2.0,5,1.301017,103.845415,13,0.0
2022-05-07 05:57:24,2022-05-07 05:57:24,0.0,2,1.300088,103.844969,13,0.11
2022-05-07 05:57:24,2022-05-07 06:50:38,3194.0,180,1.300088,103.844969,13,0.0
2022-05-07 05:57:24,2022-05-07 05:57:24,0.0,1,1.301017,103.845415,13,0.11
2022-05-07 05:57:34,2022-05-07 06:51:05,3211.0,376,1.300088,103.844969,13,0.11
2022-05-07 06:51:05,2022-05-07 07:13:07,1322.0,80,1.301017,103.845415,14,0.11
2022-05-07 06:51:15,2022-05-07 06:51:16,1.0,2,1.301017,103.845415,14,0.0
2022-05-07 06:51:28,2022-05-07 06:51:28,0.0,1,1.300088,103.844969,14,0.11
2022-05-07 06:51:59,2022-05-07 07:13:57,1318.0,96,1.301017,103.845415,14,0.11
2022-05-07 07:13:48,2022-05-07 07:14:07,19.0,7,1.301017,103.845415,15,0.0
2022-05-07 07:13:58,2022-05-07 07:13:59,1.0,4,1.301017,103.845415,15,0.0
2022-05-07 07:14:35,2022-05-07 07:14:53,18.0,5,1.301017,103.845415,15,0.0
2022-05-07 07:14:45,2022-05-07 07:14:53,8.0,3,1.301017,103.845415,15,0.0
2022-05-07 07:15:10,2022-05-07 07:15:20,10.0,5,1.301017,103.845415,15,0.0
2022-05-07 07:15:20,2022-05-07 07:15:58,38.0,5,1.301017,103.845415,15,0.0
2022-05-07 07:15:58,2022-05-07 07:19:26,208.0,30,1.301017,103.845415,15,0.0
2022-05-07 07:16:08,2022-05-07 07:19:34,206.0,36,1.301017,103.845415,15,0.0
2022-05-07 07:19:34,2022-05-07 07:19:45,11.0,5,1.301017,103.845415,15,0.0
2022-05-07 07:19:44,2022-05-07 07:19:44,0.0,1,1.301017,103.845415,15,0.0
2022-05-07 07:20:25,2022-05-07 07:37:36,1031.0,80,1.301017,103.845415,15,0.0
2022-05-07 07:20:25,2022-05-07 07:38:00,1055.0,137,1.301017,103.845415,15,0.0
2022-05-07 07:37:56,2022-05-07 07:38:01,5.0,5,1.299805,103.844815,15,0.15
2022-05-07 07:38:04,2022-05-07 07:38:15,11.0,5,1.299885,103.845453,15,0.07
2022-05-07 07:38:06,2022-05-07 07:38:06,0.0,2,1.299805,103.844815,15,0.07
2022-05-07 07:38:12,2022-05-07 07:38:12,0.0,1,1.301017,103.845415,15,0.15
2022-05-07 07:38:15,2022-05-07 07:39:46,91.0,2,1.299885,103.845453,15,0.13
2022-05-07 07:39:46,2022-05-07 07:41:46,120.0,5,1.300088,103.844969,15,0.06
2022-05-07 07:39:46,2022-05-07 07:39:46,0.0,2,1.300088,103.844969,15,0.0
2022-05-07 07:39:46,2022-05-07 07:40:22,36.0,3,1.299805,103.844815,15,0.04
2022-05-07 07:39:55,2022-05-07 07:39:55,0.0,1,1.299805,103.844815,15,0.0
2022-05-07 07:39:56,2022-05-07 07:39:56,0.0,1,1.300088,103.844969,15,0.04
2022-05-07 07:39:56,2022-05-07 07:40:37,41.0,57,1.299805,103.844815,15,0.04
2022-05-07 07:40:37,2022-05-07 07:40:48,11.0,5,1.300088,103.844969,15,0.04
2022-05-07 07:40:48,2022-05-07 07:40:48,0.0,1,1.300088,103.844969,15,0.0
2022-05-07 07:41:03,2022-05-07 07:41:13,10.0,3,1.299805,103.844815,15,0.04
2022-05-07 07:42:39,2022-05-07 07:42:39,0.0,1,1.300088,103.844969,15,0.04
2022-05-07 07:42:39,2022-05-07 07:43:55,76.0,6,1.298625,103.845778,15,0.19
2022-05-07 07:42:49,2022-05-07 07:44:22,93.0,85,1.298625,103.845778,15,0.0
2022-05-07 07:45:18,2022-05-07 07:47:13,115.0,10,1.298625,103.845778,15,0.0
2022-05-07 07:45:28,2022-05-07 07:47:55,147.0,22,1.298625,103.845778,15,0.0
2022-05-07 07:49:40,2022-05-07 07:50:26,46.0,11,1.306729,103.849651,15,1.0
2022-05-07 07:50:13,2022-05-07 07:53:04,171.0,12,1.306729,103.849651,15,0.0
2022-05-07 07:53:04,2022-05-07 07:53:47,43.0,11,1.312387,103.854241,15,0.81
2022-05-07 07:53:14,2022-05-07 07:53:49,35.0,22,1.312387,103.854241,15,0.0
2022-05-07 07:53:49,2022-05-07 07:58:10,261.0,25,1.312387,103.854241,15,0.0
2022-05-07 07:53:59,2022-05-07 07:53:59,0.0,3,1.312387,103.854241,15,0.0
2022-05-07 07:54:29,2022-05-07 07:54:29,0.0,1,1.312387,103.854241,15,0.0
2022-05-07 07:55:02,2022-05-07 07:58:38,216.0,11,1.312387,103.854241,15,0.0
2022-05-07 07:57:16,2022-05-07 08:01:28,252.0,18,1.311282,103.856437,15,0.27
2022-05-07 07:58:48,2022-05-07 08:01:28,160.0,38,1.311282,103.856437,15,0.0
2022-05-07 08:05:29,2022-05-07 08:32:18,1609.0,60,1.311282,103.856437,16,0.0
2022-05-07 08:05:29,2022-05-07 08:06:29,60.0,11,1.311282,103.856437,16,0.0
2022-05-07 08:06:29,2022-05-07 08:06:29,0.0,1,1.311282,103.856437,16,0.0
2022-05-07 08:09:07,2022-05-07 08:33:08,1441.0,36,1.311282,103.856437,16,0.0
2022-05-07 08:34:31,2022-05-07 08:34:43,12.0,5,1.311282,103.856437,16,0.0
2022-05-07 08:34:41,2022-05-07 08:35:33,52.0,6,1.311282,103.856437,16,0.0
2022-05-07 08:36:57,2022-05-07 08:41:26,269.0,15,1.311282,103.856437,16,0.0
2022-05-07 08:36:57,2022-05-07 08:41:36,279.0,74,1.311282,103.856437,16,0.0
2022-05-07 08:42:54,2022-05-07 08:45:56,182.0,11,1.311282,103.856437,16,0.0
2022-05-07 08:42:54,2022-05-07 08:45:07,133.0,15,1.311282,103.856437,16,0.0
2022-05-07 08:46:59,2022-05-07 08:47:10,11.0,5,1.311282,103.856437,16,0.0
2022-05-07 08:46:59,2022-05-07 08:48:00,61.0,6,1.311282,103.856437,16,0.0
2022-05-07 08:48:08,2022-05-07 08:52:19,251.0,26,1.312387,103.854241,16,0.27
2022-05-07 08:48:08,2022-05-07 08:52:12,244.0,14,1.312387,103.854241,16,0.0
2022-05-07 08:52:32,2022-05-07 08:53:11,39.0,10,1.312387,103.854241,16,0.0
2022-05-07 08:52:57,2022-05-07 08:53:10,13.0,3,1.312387,103.854241,16,0.0
2022-05-07 08:54:16,2022-05-07 08:54:28,12.0,5,1.319336,103.859856,16,0.99
2022-05-07 08:54:16,2022-05-07 08:56:25,129.0,10,1.319336,103.859856,16,0.0
2022-05-07 08:56:25,2022-05-07 08:56:43,18.0,5,1.33122,103.86904,16,1.67
2022-05-07 08:56:32,2022-05-07 09:02:10,338.0,12,1.33122,103.86904,16,0.0
2022-05-07 09:02:10,2022-05-07 09:02:37,27.0,5,1.349698,103.873537,17,2.12
2022-05-07 09:02:20,2022-05-07 09:05:15,175.0,7,1.349698,103.873537,17,0.0
2022-05-07 09:04:05,2022-05-07 09:04:05,0.0,12,1.349746,103.875812,17,0.25
2022-05-07 09:05:15,2022-05-07 09:07:15,120.0,11,1.348984,103.874708,17,0.15
2022-05-07 09:05:15,2022-05-07 09:05:33,18.0,3,1.3548,103.870631,17,0.79
2022-05-07 09:05:25,2022-05-07 09:06:04,39.0,7,1.348984,103.874708,17,0.79
2022-05-07 09:06:04,2022-05-07 09:06:21,17.0,5,1.348984,103.874708,17,0.0
2022-05-07 09:06:09,2022-05-07 09:06:15,6.0,9,1.348984,103.874708,17,0.0
2022-05-07 09:06:15,2022-05-07 09:06:15,0.0,1,1.348984,103.874708,17,0.0
2022-05-07 09:06:16,2022-05-07 09:06:17,1.0,4,1.348984,103.874708,17,0.0
2022-05-07 09:06:17,2022-05-07 09:06:17,0.0,1,1.348984,103.874708,17,0.0
2022-05-07 09:06:18,2022-05-07 09:06:19,1.0,9,1.348984,103.874708,17,0.0
2022-05-07 09:06:23,2022-05-07 09:06:23,0.0,1,1.348984,103.874708,17,0.0
2022-05-07 09:07:09,2022-05-07 09:08:25,76.0,3,1.348984,103.874708,17,0.0
2022-05-07 09:08:25,2022-05-07 09:09:21,56.0,10,1.349746,103.875812,17,0.15
2022-05-07 09:08:35,2022-05-07 09:10:19,104.0,9,1.349746,103.875812,17,0.0
2022-05-07 09:13:57,2022-05-07 09:15:36,99.0,20,1.342031,103.884621,17,1.3
2022-05-07 09:14:07,2022-05-07 09:16:05,118.0,28,1.342031,103.884621,17,0.0
2022-05-07 09:15:59,2022-05-07 09:15:59,0.0,6,1.348437,103.885367,17,0.72
2022-05-07 09:16:37,2022-05-07 09:16:37,0.0,6,1.342031,103.884621,17,0.72
2022-05-07 09:17:10,2022-05-07 09:17:20,10.0,3,1.342031,103.884621,17,0.0
2022-05-07 09:18:05,2022-05-07 09:18:05,0.0,6,1.348437,103.885367,17,0.72
2022-05-07 09:18:07,2022-05-07 09:18:07,0.0,6,1.342031,103.884621,17,0.72
2022-05-07 09:18:42,2022-05-07 09:19:42,60.0,7,1.339736,103.883906,17,0.27
2022-05-07 09:19:28,2022-05-07 09:19:39,11.0,11,1.337733,103.88691,17,0.4
2022-05-07 09:19:29,2022-05-07 09:20:29,60.0,12,1.337733,103.88691,17,0.0
2022-05-07 09:19:48,2022-05-07 09:21:03,75.0,11,1.339736,103.883906,17,0.4
2022-05-07 09:20:11,2022-05-07 09:20:21,10.0,7,1.337733,103.88691,17,0.4
2022-05-07 09:20:24,2022-05-07 09:20:24,0.0,6,1.342031,103.884621,17,0.54
2022-05-07 09:20:29,2022-05-07 09:20:30,1.0,12,1.337733,103.88691,17,0.54
2022-05-07 09:20:31,2022-05-07 09:20:31,0.0,6,1.339736,103.883906,17,0.4
2022-05-07 09:20:47,2022-05-07 09:20:47,0.0,6,1.337733,103.88691,17,0.4
2022-05-07 09:20:59,2022-05-07 09:20:59,0.0,12,1.339736,103.883906,17,0.4
2022-05-07 09:21:01,2022-05-07 09:21:01,0.0,6,1.337733,103.88691,17,0.4
2022-05-07 09:21:05,2022-05-07 09:21:05,0.0,6,1.339736,103.883906,17,0.4
2022-05-07 09:21:08,2022-05-07 09:21:08,0.0,6,1.337733,103.88691,17,0.4
2022-05-07 09:21:10,2022-05-07 09:52:24,1874.0,10,1.339736,103.883906,17,0.4
2022-05-07 09:21:27,2022-05-07 09:21:27,0.0,6,1.342031,103.884621,17,0.27
2022-05-07 09:21:30,2022-05-07 09:21:30,0.0,6,1.336738,103.885415,17,0.6
2022-05-07 09:21:33,2022-05-07 09:21:34,1.0,12,1.342031,103.884621,17,0.6
2022-05-07 09:21:37,2022-05-07 09:21:37,0.0,6,1.336738,103.885415,17,0.6
2022-05-07 09:21:40,2022-05-07 09:21:40,0.0,6,1.342031,103.884621,17,0.6
2022-05-07 09:21:42,2022-05-07 09:21:42,0.0,12,1.336738,103.885415,17,0.6
2022-05-07 09:21:44,2022-05-07 09:21:44,0.0,6,1.342031,103.884621,17,0.6
2022-05-07 09:24:52,2022-05-07 09:52:19,1647.0,40,1.339736,103.883906,17,0.27
2022-05-07 09:51:33,2022-05-07 09:51:43,10.0,7,1.336738,103.885415,17,0.37
